{"cameraMode":{"drawMode":0,"name":"Shaded","section":"Shading Mode"},"sceneLighting":true,"audioPlay":false,"sceneViewState":{"showFog":true,"showMaterialUpdate":false,"showSkybox":true,"showFlares":true,"showImageEffects":true,"showParticleSystems":true},"in2DMode":false,"pivot":{"x":266.79974365234377,"y":0.6659151911735535,"z":305.91424560546877},"rotation":{"x":-0.14558009803295136,"y":-0.7215418815612793,"z":0.15969371795654298,"w":-0.6577854156494141},"size":10.00594425201416,"orthographic":false}